{
	"pages": [{
		"path": "pages/login/login",
		"style": {
			"navigationBarBackgroundColor": "#666699",
			"navigationBarTextStyle": "white",
			"navigationBarTitleText": "登录"
		}
	}, {
		"path": "pages/register/register",
		"style": {
			"navigationBarBackgroundColor": "#1798F2",
			"navigationBarTextStyle": "white",
			"navigationBarTitleText": "注册"
		}
	}, {
		"path": "pages/forget/forget",
		"style": {
			"navigationBarBackgroundColor": "#666699",
			"navigationBarTextStyle": "white",
			"navigationBarTitleText": "忘记密码"
		}
	}, {
		"path": "pages/center/center",
		"style": {
			"navigationBarBackgroundColor": "#1798F2",
			"navigationBarTextStyle": "white",
			"navigationBarTitleText": "我的"
		}
	}, {
		"path": "pages/user-info/user-info",
		"style": {
			"navigationBarBackgroundColor": "#1798F2",
			"navigationBarTextStyle": "white",
			"navigationBarTitleText": "用户信息"
		}
	}
	, {
		"path": "pages/shop-recharge/recharge",
		"style": {
			"navigationBarTitleText": "用户充值"
		}
	}, {
		"path": "pages/shop-cart/shop-cart",
		"style": {
			"navigationBarTitleText": "购物车"
		}
	}, {
		"path": "pages/shop-order-confirm/shop-order-confirm",
		"style": {
			"navigationBarTitleText": "订单确认"
		}
	}, {
		"path": "pages/shop-address/shop-address",
		"style": {
			"navigationBarTitleText": "我的地址"
		}
	}, {
		"path": "pages/shop-address-detail/shop-address-detail",
		"style": {
			"navigationBarTitleText": "地址详情"
		}
	}, {
		"path": "pages/shop-order/shop-order",
		"style": {
			"navigationBarTitleText": "我的订单"
		}
	}
			,{
		"path": "pages/yonghu/list",
		"style": {
			"navigationBarBackgroundColor": "#1798F2",
			"navigationBarTextStyle": "white"
		}
	},{
		"path": "pages/yonghu/add-or-update",
		"style": {
			"navigationBarBackgroundColor": "#1798F2",
			"navigationBarTextStyle": "white"
		}
	},{
		"path": "pages/yonghu/detail",
		"style": {
			"navigationBarBackgroundColor": "#1798F2",
			"navigationBarTextStyle": "white"
		}
	}
				,{
		"path": "pages/shangpinxinxi/list",
		"style": {
			"navigationBarBackgroundColor": "#1798F2",
			"navigationBarTextStyle": "white"
		}
	},{
		"path": "pages/shangpinxinxi/add-or-update",
		"style": {
			"navigationBarBackgroundColor": "#1798F2",
			"navigationBarTextStyle": "white"
		}
	},{
		"path": "pages/shangpinxinxi/detail",
		"style": {
			"navigationBarBackgroundColor": "#1798F2",
			"navigationBarTextStyle": "white"
		}
	}
				,{
		"path": "pages/shangpinfenlei/list",
		"style": {
			"navigationBarBackgroundColor": "#1798F2",
			"navigationBarTextStyle": "white"
		}
	},{
		"path": "pages/shangpinfenlei/add-or-update",
		"style": {
			"navigationBarBackgroundColor": "#1798F2",
			"navigationBarTextStyle": "white"
		}
	},{
		"path": "pages/shangpinfenlei/detail",
		"style": {
			"navigationBarBackgroundColor": "#1798F2",
			"navigationBarTextStyle": "white"
		}
	}
				,{
		"path": "pages/tongzhigonggao/list",
		"style": {
			"navigationBarBackgroundColor": "#1798F2",
			"navigationBarTextStyle": "white"
		}
	},{
		"path": "pages/tongzhigonggao/add-or-update",
		"style": {
			"navigationBarBackgroundColor": "#1798F2",
			"navigationBarTextStyle": "white"
		}
	},{
		"path": "pages/tongzhigonggao/detail",
		"style": {
			"navigationBarBackgroundColor": "#1798F2",
			"navigationBarTextStyle": "white"
		}
	}
				,{
		"path": "pages/gouwuzixun/list",
		"style": {
			"navigationBarBackgroundColor": "#1798F2",
			"navigationBarTextStyle": "white"
		}
	},{
		"path": "pages/gouwuzixun/add-or-update",
		"style": {
			"navigationBarBackgroundColor": "#1798F2",
			"navigationBarTextStyle": "white"
		}
	},{
		"path": "pages/gouwuzixun/detail",
		"style": {
			"navigationBarBackgroundColor": "#1798F2",
			"navigationBarTextStyle": "white"
		}
	}
				,{
		"path": "pages/zixunfenlei/list",
		"style": {
			"navigationBarBackgroundColor": "#1798F2",
			"navigationBarTextStyle": "white"
		}
	},{
		"path": "pages/zixunfenlei/add-or-update",
		"style": {
			"navigationBarBackgroundColor": "#1798F2",
			"navigationBarTextStyle": "white"
		}
	},{
		"path": "pages/zixunfenlei/detail",
		"style": {
			"navigationBarBackgroundColor": "#1798F2",
			"navigationBarTextStyle": "white"
		}
	}
													,{
		"path": "pages/storeup/list",
		"style": {
			"navigationBarBackgroundColor": "#1798F2",
			"navigationBarTextStyle": "white"
		}
	},{
		"path": "pages/storeup/add-or-update",
		"style": {
			"navigationBarBackgroundColor": "#1798F2",
			"navigationBarTextStyle": "white"
		}
	},{
		"path": "pages/storeup/detail",
		"style": {
			"navigationBarBackgroundColor": "#1798F2",
			"navigationBarTextStyle": "white"
		}
	}
				,{
		"path": "pages/messages/list",
		"style": {
			"navigationBarBackgroundColor": "#1798F2",
			"navigationBarTextStyle": "white"
		}
	},{
		"path": "pages/messages/liuyan",
		"style": {
			"navigationBarBackgroundColor": "#1798F2",
			"navigationBarTextStyle": "white"
		}
	}
				,{
		"path": "pages/discussshangpinxinxi/list",
		"style": {
			"navigationBarBackgroundColor": "#1798F2",
			"navigationBarTextStyle": "white"
		}
	},{
		"path": "pages/discussshangpinxinxi/add-or-update",
		"style": {
			"navigationBarBackgroundColor": "#1798F2",
			"navigationBarTextStyle": "white"
		}
	},{
		"path": "pages/discussshangpinxinxi/detail",
		"style": {
			"navigationBarBackgroundColor": "#1798F2",
			"navigationBarTextStyle": "white"
		}
	}
				,{
		"path": "pages/discussgouwuzixun/list",
		"style": {
			"navigationBarBackgroundColor": "#1798F2",
			"navigationBarTextStyle": "white"
		}
	},{
		"path": "pages/discussgouwuzixun/add-or-update",
		"style": {
			"navigationBarBackgroundColor": "#1798F2",
			"navigationBarTextStyle": "white"
		}
	},{
		"path": "pages/discussgouwuzixun/detail",
		"style": {
			"navigationBarBackgroundColor": "#1798F2",
			"navigationBarTextStyle": "white"
		}
	}
					, {
		"path": "pages/index/index",
		"style": {
			"navigationBarBackgroundColor": "#1798F2",
			"navigationBarTextStyle": "white",
			"navigationBarTitleText": "首页"
		}
	}
	],
	"globalStyle": {
		"navigationBarTextStyle": "black",
		"navigationBarTitleText": "微信小程序的购物系统",
		"navigationBarBackgroundColor": "#F8F8F8",
		"backgroundColor": "#F8F8F8"
	},
	"tabBar": {
		"color": "#000000",
		"selectedColor": "#1798F2",
		"borderStyle": "black",
		"backgroundColor": "#FFFFFF",
		"list": [{
				"pagePath": "pages/index/index",
				"iconPath": "static/tabs/index.png",
				"selectedIconPath": "static/tabs/index1.png",
				"text": "首页"
			}
			
												,{
				"pagePath": "pages/shangpinxinxi/list",
				"iconPath": "/static/tabs/icon1.png",
				"selectedIconPath": "/static/tabs/icon1_act.png",
				"text": "商品信息"
			}
												,{
				"pagePath": "pages/gouwuzixun/list",
				"iconPath": "/static/tabs/icon2.png",
				"selectedIconPath": "/static/tabs/icon2_act.png",
				"text": "购物资讯"
			}
						
						
			,{
				"pagePath": "pages/center/center",
				"iconPath": "static/tabs/mine.png",
				"selectedIconPath": "static/tabs/mine1.png",
				"text": "我的"
			}
		]
	}
}
